Название дивана,Цена,Ссылка
Диван угловой Онте Bucle Eclipse,3625руб.,https://www.divan.by/product/divan-uglovoj-onte-bucle-eclipse
Диван Байвин Soft Olive,2413руб.,https://www.divan.by/product/divan-bajvin-soft-olive
Диван Нумо Velvet Grafit,1340руб.,https://www.divan.by/product/divan-numo-velvet-grafit
Диван Льери Barhat Ginger,"2306руб.
2883руб.
-20%",https://www.divan.by/product/divan-leri-barhat-ginger
Диван угловой Эби-2 Happy Yellow,3400руб.,https://www.divan.by/product/divan-uglovoj-abi-2-happy-yellow
Диван Лачи Velvet Silver,1135руб.,https://www.divan.by/product/divan-lachi-velvet-silver
Диван Динс Мини Velvet Yellow,1723руб.,https://www.divan.by/product/divan-dins-mini-velvet-yellow_30_10_20
Диван Виена Velvet Smoke,2199руб.,https://www.divan.by/product/divan-viena-time-grey
Диван Эби Мини Linia Mint,2088руб.,https://www.divan.by/product/divan-abi-mini-linia-mint
Диван угловой Онте Bucle Mint,3625руб.,https://www.divan.by/product/divan-uglovoj-onte-bucle-mint
Диван Байма Velvet Olive,2800руб.,https://www.divan.by/product/divan-bajma-velvet-olive
Диван угловой Байвин-2 Soft Latte,3526руб.,https://www.divan.by/product/divan-uglovoj-bajvin-2-soft-latte
Диван угловой Дисент-2 Velvet Ocean,3840руб.,https://www.divan.by/product/divan-uglovoj-disent-time-ocean
Диван Слипсон Мини Linia Beige,2025руб.,https://www.divan.by/product/divan-slipson-mini-linia-beige
Диван угловой Эби-2 Happy Emerald,3400руб.,https://www.divan.by/product/divan-uglovoj-abi-2-happy-emerald
Диван Виена Velvet Light,2198руб.,https://www.divan.by/product/divan-viena-velvet-light-new
Диван угловой Дисент-1 Soft Grey,3584руб.,https://www.divan.by/product/divan-uglovoj-disent-1-soft-grey
Диван Слипсон Мини Linia Silver,2076руб.,https://www.divan.by/product/divan-slipson-mini-linia-silver
Диван Эби Happy Grey,2451руб.,https://www.divan.by/product/divan-ebi-happy-grey
Диван Лачи Velvet Navy Blue,1161руб.,https://www.divan.by/product/divan-lachi-velvet-navy-blue_63ef27b6e3166
Диван Эби Мини Linia Navy,2141руб.,https://www.divan.by/product/divan-abi-mini-linia-navy
Диван Эби Happy Emerald,2410руб.,https://www.divan.by/product/divan-ebi-happy-emerald
Диван Нумо Velvet Yellow,1340руб.,https://www.divan.by/product/divan-numo-velvet-yellow_6171286e4d72a
Диван Дисент Velvet Smoke,2773руб.,https://www.divan.by/product/divan-disent-time-grey
Диван Виена Time Atlantic,2198руб.,https://www.divan.by/product/divan-viena-time-atlantic
Диван угловой Эби-1 Happy Grey,2611руб.,https://www.divan.by/product/divan-uglovoj-abi-1-happy-grey
Диван угловой Льери Barhat Silver,3294руб.,https://www.divan.by/product/divan-uglovoj-leri-barhat-silver
Диван Данста Velvet Mint,2239руб.,https://www.divan.by/product/divan-dansta-velvet-mint
Диван Эби Мини Linia Ginger,2118руб.,https://www.divan.by/product/divan-abi-mini-linia-ginger
Диван угловой Дисент-1 Soft Night,3584руб.,https://www.divan.by/product/divan-uglovoj-disent-1-soft-night
Диван Эби Мини Linia Silver,2141руб.,https://www.divan.by/product/divan-abi-mini-linia-silver
Диван Слипсон Happy Ocean,2059руб.,https://www.divan.by/product/divan-slipson-happy-ocean_6171285c3b7e0
Диван Слипсон Grey,2059руб.,https://www.divan.by/product/divan-slipson-grey
Диван Льери Barhat Gold,2842руб.,https://www.divan.by/product/divan-leri-barhat-gold
Диван угловой Эдвин Velvet Smoke,3059руб.,https://www.divan.by/product/divan-uglovoj-edvin-velvet-smoke
Диван Слипсон Happy Grafit,2059руб.,https://www.divan.by/product/divan-slipson-happy-grafit
Диван Слипсон Мини Linia Mint,2025руб.,https://www.divan.by/product/divan-slipson-mini-linia-mint
Диван Лачи Velvet Grafit,1135руб.,https://www.divan.by/product/divan-lachi-velvet-grafit
Диван Нумо Velvet Pink,1340руб.,https://www.divan.by/product/divan-numo-velvet-pink
Диван угловой Эби-2 Happy Mint,3400руб.,https://www.divan.by/product/divan-uglovoj-abi-2-happy-mint
Диван Данста Textile Silver,2918руб.,https://www.divan.by/product/divan-dansta-textile-silver
Диван угловой Виена Bucle Silver,3260руб.,https://www.divan.by/product/divan-uglovoj-viena-bucle-silver
Диван угловой Маркфул Velvet Ocean,2983руб.,https://www.divan.by/product/divan-uglovoj-markful-velvet-ocean
Диван Виена Velvet Corall,2198руб.,https://www.divan.by/product/divan-viena-velvet-corall
Диван угловой Эби-1 Happy Emerald,2559руб.,https://www.divan.by/product/divan-uglovoj-abi-1-happy-emerald
Диван угловой Байвин-2 Soft Grey,3526руб.,https://www.divan.by/product/divan-uglovoj-bajvin-2-soft-grey
Диван Слипсон Emerald,2059руб.,https://www.divan.by/product/divan-slipson-emerald
Диван угловой Онте Bucle Silver,3625руб.,https://www.divan.by/product/divan-uglovoj-onte-bucle-silver
